Tipo,Empresa,Setor,Subsetor,Cotacao,Data_ult_cot,Min_52_sem,Max_52_sem,Vol_med_2m,Valor_de_mercado,Valor_da_firma,Ult_balanco_processado,Nro_Acoes,PL,PVP,PEBIT,PSR,PAtivos,PCap_Giro,PAtiv_Circ_Liq,Div_Yield,EV_EBITDA,EV_EBIT,Cres_Rec_5a,LPA,VPA,Marg_Bruta,Marg_EBIT,Marg_Liquida,EBIT_Ativo,ROIC,ROE,Liquidez_Corr,Div_Br_Patrim,Giro_Ativos,Ativo,Cart_de_Credito,Depositos,Patrim_Liq,Result_Int_Financ_12m,Rec_Servicos_12m,Lucro_Liquido_12m,Result_Int_Financ_3m,Rec_Servicos_3m,Lucro_Liquido_3m,Disponibilidades,Ativo_Circulante,Div_Bruta,Div_Liquida,Receita_Liquida_12m,EBIT_12m,Receita_Liquida_3m,EBIT_3m,Papel,Payout_Medio,Empresa_Base,PL_Medio_Subsetor
PN N2,ABC Brasil PN N2,Intermediários Financeiros,Bancos,22.11,2025-10-24,18.01,23.48,7656570,5409360000,,2025-06-30,244657000,5.59,082,,,,,,8.8,,,17.9,3.96,26.9,,,0.0,0.0,,14.7,,,,62051300000,0,0,6581400000,2032970000,277509000,967809000,388774000,79091000,244100000,,,,,,,,,ABCB4,49.13,ABCB,8.69
ON,AMBEV S/A ON,Bebidas,Cervejas e Refrigerantes,12.11,2025-10-24,10.52,14.29,324841000,190873000000,176507000000.0,2025-06-30,15761600000,12.94,206,929.0,208.0,134.0,4870.0,-2341.0,8.7,645.0,859.0,7.1,0.94,5.87,51.5,22.4,16.6,14.5,19.4,16.0,111.0,3.0,65.0,142158000000,,,92471600000,,,14752300000,,,2717720000,17524600000,40792000000,3157760000,-14366800000,91719700000,20544900000,20090200000,3864470000,ABEV3,112.08,ABEV,12.94
ON,ALLOS ON,Exploração de Imóveis,Exploração de Imóveis,24.53,2025-10-24,16.42,25.77,76807700,12367800000,9401570000.0,2025-06-30,504191000,16.77,092,889.0,442.0,47.0,493.0,-147.0,5.3,468.0,676.0,41.0,1.46,26.67,74.6,49.7,30.1,5.3,6.0,5.5,291.0,,11.0,26434100000,,,13446800000,,,737411000,,,201401000,2966240000,3817030000,0,-2966240000,2800970000,1391690000,697295000,351830000,ALOS3,89.05,ALOS,14.56
PN N1,ALPARGATAS PN N1,"Tecidos, Vestuário e Calçados",Calçados,10.58,2025-10-24,5.91,10.58,18429900,7226800000,7046780000.0,2025-06-30,683062000,27.81,175,1640.0,166.0,117.0,429.0,745.0,1.0,1005.0,1600.0,1.8,0.38,6.05,46.7,10.1,5.9,7.1,9.1,6.3,225.0,17.0,70.0,6194670000,,,4133620000,,,259851000,,,87892000,864577000,3031060000,684564000,-180013000,4353860000,440526000,1101360000,179041000,ALPA4,27.84,ALPA,13.73
ON NM,ANIMA ON NM,Diversos,Serviços Educacionais,3.33,2025-10-24,1.49,4.44,18309000,1344880000,5367730000.0,2025-06-30,403869000,9.57,057,124.0,35.0,13.0,104.0,-29.0,1.6,353.0,497.0,18.7,0.35,5.89,61.0,27.9,7.2,10.8,12.9,5.9,222.0,230.0,39.0,10000000000,,,2379050000,,,140564000,,,9539000,1444280000,2358350000,5467130000,4022850000,3879120000,1080490000,1005340000,284927000,ANIM3,15.22,ANIM,9.43
ON NM,ARMAC ON NM,Diversos,Aluguel de carros,3.43,2025-10-24,2.85,7.93,4647930,1188470000,3094830000.0,2025-06-30,346494000,16.2,096,279.0,64.0,26.0,138.0,-65.0,6.2,465.0,726.0,39.2,0.21,3.56,35.9,22.9,4.2,9.3,11.7,6.0,242.0,205.0,41.0,4585300000,,,1232630000,,,73350000,,,-6493000,623332000,1465550000,2529690000,1906360000,1861860000,426538000,451467000,82075000,ARML3,101.27,ARML,13.51
ON NM,ASSAI ON NM,Comércio e Distribuição,Alimentos,8.23,2025-10-24,5.06,11.86,174705000,11138800000,23278800000.0,2025-06-30,1353440000,12.08,199,198.0,15.0,25.0,777.0,-47.0,1.3,317.0,413.0,26.2,0.68,4.14,16.7,7.4,1.2,12.7,19.1,16.5,111.0,296.0,172.0,44303000000,,,5599000000,,,922000000,,,219000000,4459000000,15053000000,16599000000,12140000000,76280000000,5634000000,19002000000,1390000000,ASAI3,15.73,ASAI,11.06
PN,AZUL PN,Transporte,Transporte Aéreo,1.14,2025-10-24,0.55,6.11,53339400,1053850000,32901900000.0,2025-06-30,924426000,0.06,-004,25.0,5.0,4.0,-7.0,-2.0,0.0,459.0,772.0,32.4,18.58,-28.17,29.2,20.3,81.7,15.8,20.6,-65.9,34.0,-132.0,78.0,26897000000,,,-26040500000,,,17171700000,,,1468000000,2593070000,7180130000,34441100000,31848100000,21011800000,4259350000,4942340000,164744000,AZUL4,0.0,AZUL,0.06
ON,AZZAS 2154 ON,Comércio,"Tecidos, Vestuário e Calçados",28.04,2025-10-24,21.50,45.30,67442000,5789980000,8000180000.0,2025-06-30,206490000,7.29,069,617.0,50.0,37.0,223.0,-1860.0,2.1,511.0,852.0,45.3,3.85,40.39,54.7,8.1,6.9,6.0,7.1,9.5,161.0,36.0,74.0,15516800000,,,8339550000,,,794689000,,,537654000,823162000,6865970000,3033360000,2210200000,11548400000,938632000,2901380000,352401000,AZZA3,15.29,AZZA,10.26
ON,B3 ON,Serviços Financeiros Diversos,Serviços Financeiros Diversos,12.5,2025-10-24,8.97,14.81,372554000,65831300000,65747900000.0,2025-06-30,5266500000,13.67,334,1036.0,611.0,140.0,648.0,-607.0,2.2,974.0,1035.0,1.0,0.91,3.75,90.6,58.9,44.7,13.5,19.8,24.4,262.0,74.0,23.0,47031000000,,,19736100000,,,4814670000,,,1325650000,14621500000,16426800000,14538100000,-83344400,10782100000,6353300000,2745800000,1697950000,B3SA3,30.22,B3SA,13.67
ON,BANCO DO BRASIL S.A. ON,Intermediários Financeiros,Bancos,20.52,2025-10-24,18.35,29.30,674166000,117597000000,,2025-06-30,5730830000,4.28,067,,,,,,8.4,,,7.1,4.79,30.49,,,0.0,0.0,,15.7,,,,2400620000000,0,0,174734000000,46534100000,20464700000,27474600000,6359170000,4937150000,3085410000,,,,,,,,,BBAS3,35.98,BBAS,8.69
ON NM,BLAU ON NM,Comércio e Distribuição,Medicamentos e Outros Produtos,12.7,2025-10-24,11.41,16.63,2419260,2278300000,2484240000.0,2025-06-30,179394000,8.06,101,602.0,129.0,66.0,205.0,559.0,2.7,567.0,657.0,7.4,1.58,12.63,40.0,21.4,15.8,10.9,13.0,12.5,317.0,22.0,51.0,3470560000,,,2266030000,,,282667000,,,63350000,297922000,1625860000,503859000,205937000,1767420000,378302000,464826000,102608000,BLAU3,21.7,BLAU,15.19
ON NM,BEMOBI TECH ON NM,Programas e Serviços,Programas e Serviços,22.3,2025-10-24,12.38,23.60,7505810,1909070000,1435630000.0,2025-06-30,85608400,15.16,169,1476.0,121.0,118.0,282.0,320.0,7.6,723.0,1110.0,51.1,1.47,13.17,24.1,8.2,8.1,8.0,12.9,11.2,265.0,2.0,97.0,1620650000,,,1127180000,,,125958000,,,33233000,492436000,1084740000,19002000,-473434000,1577270000,129363000,408524000,36046000,BMOB3,115.29,BMOB,32.82
UNT,BTGP BANCO UNT,Intermediários Financeiros,Bancos,47.65,2025-10-24,26.26,48.85,343054000,182756000000,,2025-06-30,11506100000,13.63,287,,,,,,2.2,,,13.9,3.5,16.61,,,0.0,0.0,,21.1,,,,545462000000,98894700000,140127000000,63703300000,9896910000,3094390000,13411500000,2893090000,804014000,4009230000,,,,,,,,,BPAC11,29.95,BPAC1,8.69
PN,BANCO PAN PN,Intermediários Financeiros,Bancos,10.15,2025-10-24,6.18,10.15,19071300,12881100000,,2025-06-30,1269070000,16.89,168,,,,,,2.4,,,2.1,0.6,6.05,,,0.0,0.0,,9.9,,,,67447500000,0,0,7678540000,6576850000,1511890000,762560000,1478410000,371857000,169355000,,,,,,,,,BPAN4,40.6,BPAN,8.69
ON,BRAVA ON,"Petróleo, Gás e Biocombustíveis","Exploração, Refino e Distribuição",14.46,2025-10-24,14.20,25.58,146094000,6717500000,19006300000.0,2025-06-30,464557000,4.28,055,297.0,66.0,15.0,330.0,-28.0,0.0,470.0,840.0,115.6,3.38,26.37,29.0,22.3,15.4,5.2,6.1,12.8,137.0,138.0,23.0,43454300000,,,12250500000,,,1569810000,,,1049050000,4591690000,7535740000,16880400000,12288800000,10160100000,2263170000,3142370000,926503000,BRAV3,0.0,BRAV,4.58
ON NM,BRF Foods ON NM,Alimentos Processados,Carnes e Derivados,17.95,2025-09-22,16.22,25.85,182233000,28579900000,34231400000.0,2025-06-30,1592190000,7.97,170,386.0,45.0,44.0,255.0,-214.0,16.4,313.0,463.0,9.0,2.25,10.58,26.3,11.6,6.1,11.5,22.0,21.3,152.0,123.0,99.0,64292600000,,,16846400000,,,3585590000,,,740621000,15094000000,32864000000,20745500000,5651530000,63948600000,7396920000,15364600000,1696920000,BRFS3,130.84,BRFS,7.8
PNB,BANRISUL S/A PNB,Intermediários Financeiros,Bancos,12.74,2025-10-24,9.02,12.74,14273000,5210330000,,2025-06-30,408974000,4.74,049,,,,,,9.7,,,4.6,2.69,26.03,,,0.0,0.0,,10.3,,,,155796000000,0,0,10645700000,6108410000,1042290000,1099840000,1554980000,254612000,377561000,,,,,,,,,BRSR6,45.94,BRSR,8.69
ON NM,CAMIL ON NM,Alimentos Processados,Alimentos Diversos,5.46,2025-10-24,3.36,7.69,5042190,1911000000,5631950000.0,2025-08-31,350000000,11.62,056,368.0,16.0,17.0,89.0,-124.0,5.4,715.0,1085.0,9.5,0.47,9.8,19.9,4.4,1.4,4.6,6.4,4.8,151.0,164.0,104.0,11340200000,,,3429760000,,,164415000,,,78703000,1907190000,6364480000,5628150000,3720950000,11768800000,518897000,2979670000,175835000,CAML3,62.73,CAML,14.32
ON NM,MELIUZ ON NM,Programas e Serviços,Programas e Serviços,4.65,2025-10-24,2.56,10.70,10959200,525370000,454045000.0,2025-06-30,112983000,10.77,099,877.0,134.0,80.0,854.0,1689.0,0.0,600.0,758.0,17.5,0.43,4.68,15.2,15.2,12.2,9.1,10.6,9.2,169.0,0.0,60.0,655324000,,,528901000,,,48760000,,,7368000,71469000,150681000,144000,-71325000,393184000,59939000,97820000,7366000,CASH3,0.0,CASH,32.82
ON NM,CEA MODAS ON NM,Comércio,"Tecidos, Vestuário e Calçados",16.69,2025-10-24,7.42,20.65,62299400,5144610000,5408570000.0,2025-06-30,308245000,10.25,149,506.0,64.0,58.0,375.0,-416.0,2.3,396.0,532.0,12.8,1.63,11.21,55.1,12.7,6.3,11.5,15.8,14.5,149.0,37.0,90.0,8869900000,,,3455690000,,,502151000,,,200313000,1003880000,4176960000,1267840000,263959000,8022470000,1017210000,2058460000,278631000,CEAB3,23.55,CEAB,10.26
ON N1,CEMIG ON N1,Energia Elétrica,Energia Elétrica,13.92,2025-10-24,13.09,18.31,2752970,39836000000,52121100000.0,2025-06-30,2861780000,6.13,140,592.0,95.0,63.0,-65426.0,-187.0,6.0,638.0,775.0,9.4,2.27,9.95,18.2,16.0,15.5,10.6,11.7,22.8,100.0,54.0,66.0,63411200000,,,28473200000,,,6502650000,,,1187630000,2978860000,13612200000,15263900000,12285100000,41956300000,6726120000,10786300000,1969430000,CMIG3,36.79,CMIG,8.56
PN N1,CEMIG PN N1,Energia Elétrica,Energia Elétrica,10.71,2025-10-24,9.10,11.27,99049900,30649700000,42934800000.0,2025-06-30,2861780000,4.71,108,456.0,73.0,48.0,-50339.0,-144.0,7.7,526.0,638.0,9.4,2.27,9.95,18.2,16.0,15.5,10.6,11.7,22.8,100.0,54.0,66.0,63411200000,,,28473200000,,,6502650000,,,1187630000,2978860000,13612200000,15263900000,12285100000,41956300000,6726120000,10786300000,1969430000,CMIG4,36.33,CMIG,8.56
ON,COGNA ON,Diversos,Serviços Educacionais,3.48,2025-10-24,0.96,3.48,82396300,6530590000,11969900000.0,2025-06-30,1876610000,5.88,052,297.0,97.0,28.0,441.0,-115.0,1.9,413.0,544.0,10.7,0.59,6.7,68.2,32.7,18.1,9.3,10.2,8.8,153.0,51.0,28.0,23649400000,,,12565400000,,,1110620000,,,118799000,944287000,4264420000,6383630000,5439350000,6734400000,2201630000,1664600000,475701000,COGN3,11.21,COGN,9.43
ON,CPFL ENERGIA S.A. ON,Energia Elétrica,Energia Elétrica,40.8,2025-10-24,28.79,41.23,49917900,47012000000,71733100000.0,2025-06-30,1152250000,8.69,219,417.0,107.0,59.0,-2074.0,-116.0,6.8,539.0,636.0,5.1,4.69,18.64,31.5,25.6,13.0,14.2,15.8,25.2,88.0,135.0,56.0,79238200000,,,21481800000,,,5406970000,,,1124320000,4210650000,16105800000,28931800000,24721100000,44004800000,11271400000,10549100000,2574690000,CPFE3,59.16,CPFE,8.56
ON,COPEL ON,Energia Elétrica,Energia Elétrica,12.84,2025-10-24,7.62,12.84,55503300,38299300000,55281400000.0,2025-06-30,2982810000,12.58,150,900.0,160.0,63.0,2670.0,-166.0,4.6,967.0,1299.0,2.1,1.02,8.58,21.8,17.8,12.7,7.0,7.7,11.9,113.0,78.0,39.0,60742000000,,,25596100000,,,3043810000,,,572140000,2905740000,12093900000,19887900000,16982100000,23872000000,4257300000,6225150000,1046630000,CPLE3,57.91,CPLE,8.56
PNB,COPEL PNB,Energia Elétrica,Energia Elétrica,13.64,2025-10-24,8.43,13.64,134214000,40685500000,57667700000.0,2025-06-30,2982810000,13.37,159,956.0,170.0,67.0,2836.0,-176.0,4.7,1008.0,1355.0,2.1,1.02,8.58,21.8,17.8,12.7,7.0,7.7,11.9,113.0,78.0,39.0,60742000000,,,25596100000,,,3043810000,,,572140000,2905740000,12093900000,19887900000,16982100000,23872000000,4257300000,6225150000,1046630000,CPLE6,62.85,CPLE,8.56
ON NM,CRUZEIRO EDU ON NM,Diversos,Serviços Educacionais,5.72,2025-10-24,2.59,5.75,2146570,2085180000,2711540000.0,2025-06-30,364543000,10.36,135,409.0,78.0,45.0,766.0,-98.0,3.7,352.0,531.0,10.9,0.55,4.23,49.8,19.0,7.5,11.0,13.0,13.1,138.0,83.0,58.0,4659040000,,,1542860000,,,201363000,,,62663000,655979000,994728000,1282340000,626359000,2680520000,510396000,721094000,127440000,CSED3,38.48,CSED,9.43
ON,COPASA MG ON,Água e Saneamento,Água e Saneamento,37.53,2025-10-24,19.00,37.53,89729100,14270900000,20057800000.0,2025-06-30,380253000,10.51,169,652.0,176.0,86.0,1460.0,-261.0,4.7,656.0,917.0,10.2,3.57,22.15,42.6,27.0,16.8,13.2,14.4,16.1,157.0,81.0,49.0,16581900000,,,8421330000,,,1358150000,,,289441000,1032960000,2683800000,6819840000,5786880000,8093780000,2188010000,1979820000,496891000,CSMG3,49.41,CSMG,6.97
ON NM,CURY S/A ON NM,Construção Civil,Incorporações,33.6,2025-10-24,16.19,33.96,69437800,9807000000,9579240000.0,2025-06-30,291875000,12.47,737,863.0,211.0,189.0,623.0,-1635.0,4.6,818.0,843.0,32.9,2.69,4.56,39.1,24.4,18.7,21.9,33.8,59.1,210.0,98.0,90.0,5183960000,,,1329970000,,,786561000,,,236731000,1530880000,3005750000,1303110000,-227763000,4653630000,1136960000,1346600000,343627000,CURY3,57.46,CURY,7.39
PN,CYRELA BRAZIL REALTY PN,Construção Civil,Incorporações,30.13,2025-10-24,15.59,30.74,145201000,11569900000,15192500000.0,2025-06-30,384000000,6.87,118,763.0,135.0,49.0,125.0,1682.0,3.5,941.0,1001.0,17.6,4.39,25.48,32.6,17.7,16.4,6.5,7.6,17.2,336.0,70.0,37.0,23414800000,,,9786080000,,,1685170000,,,387807000,3267090000,13227800000,6889690000,3622590000,8595790000,1517180000,2107130000,337235000,CYRE3,24.02,CYRE,7.39
ON NM,DESKTOPSIGMA ON NM,Telecomunicações,Telecomunicações,15.2,2025-10-24,7.72,15.90,8002260,1761790000,2882950000.0,2025-06-30,115907000,21.95,127,534.0,150.0,44.0,382.0,-108.0,0.2,507.0,873.0,28.8,0.69,11.96,61.7,28.2,7.5,8.3,10.2,5.8,193.0,129.0,29.0,3994970000,,,1386660000,,,80267000,,,15414000,666010000,953692000,1787170000,1121160000,1172540000,330185000,297407000,80945000,DESK3,4.41,DESK,16.78
ON NM,Direcional Engenharia ON NM,Construção Civil,Incorporações,16.15,2025-10-24,7.67,16.17,67426500,8406070000,8397100000.0,2025-06-30,520500000,12.18,381,968.0,222.0,73.0,243.0,-219.0,6.7,892.0,967.0,22.0,1.33,4.23,37.8,22.9,21.1,7.5,9.4,31.3,293.0,96.0,33.0,11566900000,,,2203630000,,,690183000,,,183742000,2124580000,5250820000,2115600000,-8977150,3794150000,868786000,1065210000,256734000,DIRR3,81.36,DIRR,7.39
ON,DEXCO ON,Madeira e Papel,Madeira,5.25,2025-10-24,4.97,8.51,13469300,4307970000,9458610000.0,2025-06-30,820566000,22.38,063,815.0,52.0,24.0,481.0,-71.0,1.0,525.0,1790.0,1.0,0.23,8.3,25.3,6.3,2.5,2.9,3.5,2.8,122.0,97.0,46.0,17988500000,,,6806910000,,,192518000,,,31717000,1461500000,4911420000,6612140000,5150640000,8327470000,528525000,2121660000,93508000,DXCO3,22.83,DXCO,22.38
ON NM,ECORODOVIAS ON NM,Transporte,Exploração de Rodovias,7.93,2025-10-24,3.85,8.39,31527200,5521930000,25452800000.0,2025-06-30,696334000,7.31,146,147.0,53.0,17.0,-341.0,-23.0,3.9,516.0,676.0,28.2,1.08,5.43,39.4,35.9,7.1,11.5,12.8,20.0,72.0,606.0,32.0,32690900000,,,3777960000,,,755265000,,,203943000,2981530000,4228480000,22912400000,19930900000,10476300000,3765430000,2718140000,1001090000,ECOR3,28.64,ECOR,11.1
ON,ELETROBRÁS ON,Energia Elétrica,Energia Elétrica,54.15,2025-10-24,31.24,54.93,399944000,125012000000,165465000000.0,2025-06-30,2308630000,18.85,105,835.0,286.0,45.0,539.0,-118.0,6.5,860.0,1105.0,8.9,2.87,51.42,45.2,34.3,15.2,5.4,6.2,5.6,186.0,59.0,16.0,274960000000,,,118707000000,,,6631620000,,,-1325110000,29837100000,49985200000,70289900000,40452700000,43681100000,14969700000,10199000000,3629960000,ELET3,122.64,ELET,8.56
PNB,ELETROBRÁS PNB,Energia Elétrica,Energia Elétrica,57.37,2025-10-24,35.41,57.83,70982500,132446000000,172899000000.0,2025-06-30,2308630000,19.97,112,885.0,303.0,48.0,572.0,-125.0,6.7,899.0,1155.0,8.9,2.87,51.42,45.2,34.3,15.2,5.4,6.2,5.6,186.0,59.0,16.0,274960000000,,,118707000000,,,6631620000,,,-1325110000,29837100000,49985200000,70289900000,40452700000,43681100000,14969700000,10199000000,3629960000,ELET6,133.93,ELET,8.56
ON,EMBRAER ON,Material de Transporte,Material Aeronáutico e de Defesa,86.38,2025-10-24,48.42,86.38,385544000,63961400000,69133100000.0,2025-06-30,740465000,29.91,352,1450.0,161.0,97.0,729.0,-602.0,0.1,1181.0,1567.0,13.0,2.89,24.57,18.6,11.1,5.3,6.7,8.4,11.8,133.0,66.0,60.0,65886600000,,,18191200000,,,2138160000,,,448777000,6862620000,35566800000,12034300000,5171720000,39804500000,4412470000,10270400000,1196360000,EMBR3,2.99,EMBR,29.91
UNT N2,ENERGISA UNT N2,Energia Elétrica,Energia Elétrica,51.98,2025-10-24,33.28,51.98,122137000,23800900000,52897500000.0,2025-06-30,2289420000,6.97,131,361.0,68.0,30.0,712.0,-62.0,5.6,617.0,803.0,10.2,7.46,39.81,25.1,18.8,12.4,8.3,9.7,18.7,123.0,207.0,44.0,79416800000,,,18226900000,,,3414850000,,,257292000,8717610000,17857200000,37814300000,29096700000,35112200000,6586860000,8563870000,1715970000,ENGI11,39.02,ENGI1,8.56
ON NM,EQUATORIAL ENERGIA S.A. ON NM,Energia Elétrica,Energia Elétrica,37.1,2025-10-24,25.68,37.33,273516000,46579200000,92283000000.0,2025-06-30,1255510000,12.75,166,447.0,94.0,40.0,949.0,-78.0,2.1,713.0,886.0,26.3,2.91,22.3,27.5,21.1,9.1,8.9,10.2,13.1,124.0,197.0,42.0,116701000000,,,27995100000,,,3653520000,,,1073600000,9408180000,25128800000,55112000000,45703800000,49485800000,10420800000,12795300000,2871800000,EQTL3,26.77,EQTL,8.56
ON NM,EZTec ON NM,Construção Civil,Incorporações,16.83,2025-10-24,10.20,17.54,19814700,3719250000,4057190000.0,2025-06-30,220989000,7.54,074,1045.0,223.0,53.0,133.0,308.0,8.2,1095.0,1140.0,12.8,2.23,22.7,37.8,21.4,31.3,5.1,6.1,9.8,937.0,31.0,24.0,7031120000,,,5016000000,,,493241000,,,139907000,1193770000,3134470000,1531710000,337944000,1665930000,355835000,449254000,100375000,EZTC3,61.89,EZTC,7.39
PN,FERBASA PN,Siderurgia e Metalurgia,Siderurgia,6.79,2025-10-24,6.01,8.11,3317320,2398060000,1723890000.0,2025-06-30,353175000,8.8,071,1364.0,100.0,56.0,188.0,269.0,7.4,380.0,981.0,1.4,0.77,9.54,17.4,7.3,11.4,4.1,5.5,8.1,346.0,9.0,56.0,4276430000,,,3369260000,,,272489000,,,18616000,971918000,1797890000,297751000,-674167000,2394480000,175754000,639441000,34225000,FESA4,65.25,FESA,8.8
ON NM,UNIFIQUE ON NM,Telecomunicações,Telecomunicações,4.61,2025-10-24,3.15,4.64,1445990,1669050000,1904460000.0,2025-06-30,362050000,9.37,132,629.0,155.0,72.0,843.0,-345.0,5.8,372.0,718.0,23.2,0.49,3.5,50.9,24.6,16.5,11.5,13.7,14.1,156.0,44.0,47.0,2304200000,,,1265580000,,,178136000,,,45168000,317212000,554638000,552619000,235407000,1076870000,265358000,286142000,73438000,FIQE3,54.57,FIQE,16.78
ON NM,FLEURY ON NM,Serv.Méd.Hospit. Análises e Diagnósticos,Serv.Méd.Hospit. Análises e Diagnósticos,14.45,2025-10-24,10.45,16.26,57499400,7906910000,11186500000.0,2025-06-30,547191000,13.04,147,671.0,101.0,60.0,301.0,-245.0,6.9,556.0,949.0,23.4,1.11,9.83,26.9,15.0,7.4,9.0,11.4,11.3,251.0,100.0,60.0,13072400000,,,5379100000,,,606212000,,,152299000,2084610000,4368090000,5364210000,3279600000,7841620000,1178380000,2024530000,307605000,FLRY3,89.82,FLRY,12.05
ON,FRAS-LE S.A. ON,Material de Transporte,Material Rodoviário,23.0,2025-10-24,19.57,29.24,8314930,6447710000,8377630000.0,2025-06-30,280335000,19.17,295,921.0,133.0,97.0,367.0,-517.0,2.6,908.0,1197.0,18.5,1.2,7.79,33.4,14.5,7.1,10.5,13.3,15.4,224.0,123.0,73.0,6637150000,,,2183560000,,,336269000,,,48317000,750162000,3172890000,2680090000,1929930000,4836110000,700004000,1360140000,179296000,FRAS3,49.83,FRAS,12.47
ON NM,GPS ON NM,Serviços Diversos,Serviços Diversos,18.82,2025-10-24,12.43,19.34,39215300,12746400000,15000900000.0,2025-06-30,677281000,19.62,341,980.0,77.0,90.0,304.0,-408.0,1.7,862.0,1154.0,27.3,0.96,5.52,14.5,7.8,4.0,9.1,11.7,17.4,233.0,133.0,117.0,14217100000,,,3737480000,,,649641000,,,121699000,2699320000,7341600000,4953750000,2254430000,16611900000,1300100000,4298370000,348033000,GGPS3,33.33,GGPS,35.03
ON NM,GRUPO MATEUS ON NM,Comércio e Distribuição,Alimentos,6.31,2025-10-24,5.75,8.15,28702700,14187800000,15275600000.0,2025-06-30,2248470000,10.03,139,602.0,42.0,70.0,210.0,805.0,3.8,557.0,648.0,24.6,0.63,4.54,22.9,6.9,4.2,11.6,14.7,13.8,234.0,21.0,168.0,20393500000,,,10217400000,,,1414300000,,,343597000,1027780000,11817600000,2115520000,1087740000,34175000000,2356080000,8779640000,594546000,GMAT3,38.06,GMAT,11.06
ON,GRENDENE SA ON,"Tecidos, Vestuário e Calçados",Calçados,5.25,2025-10-24,4.52,5.50,17206300,4736340000,3412920000.0,2025-06-30,902160000,5.84,118,1037.0,174.0,106.0,190.0,191.0,11.1,640.0,747.0,2.9,0.9,4.46,47.4,16.7,29.7,10.3,15.4,20.2,697.0,2.0,61.0,4456300000,,,4019470000,,,810837000,,,143575000,1409820000,2912340000,86407000,-1323420000,2728010000,456788000,555276000,4320010,GRND3,64.75,GRND,13.73
ON,GUARARAPES CONFECÇÕES ON,Comércio,"Tecidos, Vestuário e Calçados",9.91,2025-10-24,5.59,10.20,10514700,4947070000,5719650000.0,2025-06-30,499200000,12.02,090,521.0,49.0,37.0,180.0,1167.0,1.2,346.0,603.0,10.0,0.82,11.07,59.9,9.3,4.0,7.0,8.5,7.4,148.0,36.0,75.0,13546400000,,,5527430000,,,411676000,,,143210000,1200090000,8442820000,1972670000,772574000,10166300000,949114000,2635360000,274499000,GUAR3,14.5,GUAR,10.26
ON,Helbor ON,Construção Civil,Incorporações,3.57,2025-10-24,1.25,3.79,6489040,477848000,2007810000.0,2025-06-30,133851000,9.51,033,246.0,39.0,7.0,26.0,-103.0,2.8,934.0,1032.0,7.7,0.38,10.92,33.6,15.7,12.5,3.0,3.2,3.4,231.0,119.0,19.0,6462800000,,,1461370000,,,50236000,,,1645000,210416000,3179780000,1740380000,1529960000,1237270000,194476000,285556000,32202000,HBOR3,26.31,HBOR,7.39
ON NM,HBR REALTY ON NM,Exploração de Imóveis,Exploração de Imóveis,4.42,2025-10-24,2.61,5.09,2306070,456095000,1911200000.0,2025-06-30,103189000,20.87,023,157.0,234.0,9.0,174.0,-26.0,0.0,644.0,657.0,23.9,0.21,19.45,68.5,149.0,54.6,5.6,5.8,1.1,187.0,82.0,4.0,5204730000,,,2006510000,,,21857000,,,-33058000,190278000,563356000,1645380000,1455100000,195127000,290804000,63997000,21706000,HBRE3,0.0,HBRE,14.56
ON,HYPERA ON,Comércio e Distribuição,Medicamentos e Outros Produtos,23.67,2025-10-24,16.02,27.85,54591500,14993100000,22633400000.0,2025-06-30,633421000,20.19,125,1599.0,225.0,62.0,1277.0,-226.0,4.9,1827.0,2414.0,8.3,1.17,18.93,56.1,14.1,11.0,3.9,4.1,6.2,126.0,74.0,27.0,24237600000,,,11991900000,,,742678000,,,426689000,1203610000,5611930000,8843920000,7640310000,6661740000,937598000,2153940000,631251000,HYPE3,99.13,HYPE,15.19
UNT N1,IGUATEMI S.A UNT N1,Exploração de Imóveis,Exploração de Imóveis,24.41,2025-10-24,16.08,24.57,50805000,7243140000,9624960000.0,2025-06-30,2077100000,12.96,160,900.0,531.0,74.0,350.0,-306.0,1.6,1000.0,1196.0,16.2,1.88,15.21,72.1,59.0,41.0,8.3,10.1,12.4,367.0,91.0,14.0,9727390000,,,4514230000,,,558918000,,,209094000,1711020000,2844080000,4092840000,2381820000,1364410000,804895000,393982000,256199000,IGTI11,20.77,IGTI1,14.56
ON NM,INTELBRAS ON NM,Computadores e Equipamentos,Computadores e Equipamentos,11.83,2025-10-24,10.90,19.72,23797000,3875640000,4023350000.0,2025-06-30,327611000,8.52,126,812.0,82.0,74.0,162.0,239.0,4.1,686.0,843.0,13.7,1.39,9.39,29.3,10.2,9.7,9.2,12.8,14.8,279.0,32.0,90.0,5211770000,,,3076450000,,,454916000,,,136547000,837635000,3734050000,985348000,147713000,4699270000,477289000,1246450000,130537000,INTB3,34.89,INTB,8.52
ON NM,IRBBRASIL RE ON NM,Previdência e Seguros,Seguradoras,48.39,2025-10-24,37.49,57.08,30917300,3960380000,,2025-06-30,81843000,6.43,076,489.0,67.0,25.0,,,0.0,,,224.0,7.52,63.63,0.6,13.7,10.4,5.1,,11.8,,,38.0,15788600000,,,5207670000,,,615477000,,,106562000,0,0,0,0,5923850000,810446000,1303450000,189151000,IRBR3,0.0,IRBR,8.09
PN,ISA ENERGIA PN,Energia Elétrica,Energia Elétrica,24.53,2025-10-24,20.70,24.95,51951300,16162400000,28444200000.0,2025-06-30,658883000,4.98,078,388.0,198.0,37.0,294.0,-100.0,9.6,677.0,683.0,17.1,4.93,31.27,39.3,51.0,40.4,9.5,9.9,15.8,595.0,68.0,19.0,43946700000,,,20602000000,,,3247310000,,,215173000,1830260000,6605420000,14112100000,12281800000,8170740000,4163430000,1432870000,271597000,ISAE4,47.77,ISAE,8.56
ON N1,ITAÚSA ON N1,Intermediários Financeiros,Bancos,11.3,2025-10-24,7.99,11.57,1360930,124230000000,128341000000.0,2025-06-30,10993800000,8.0,139,39817.0,1492.0,109.0,1907.0,-1763.0,8.7,8046.0,41135.0,1.0,1.41,8.15,25.3,3.7,188.1,0.3,0.3,17.3,200.0,13.0,7.0,114124000000,,,89574000000,,,15521000000,,,4066000000,7323000000,13025000000,11434000000,4111000000,8328000000,312000000,2121000000,39000000,ITSA3,69.72,ITSA,8.69
PN N1,ITAÚSA PN N1,Intermediários Financeiros,Bancos,11.28,2025-10-24,7.78,11.47,224243000,124010000000,128121000000.0,2025-06-30,10993800000,7.99,138,39747.0,1489.0,109.0,1904.0,-1760.0,8.7,8033.0,41065.0,1.0,1.41,8.15,25.3,3.7,188.1,0.3,0.3,17.3,200.0,13.0,7.0,114124000000,,,89574000000,,,15521000000,,,4066000000,7323000000,13025000000,11434000000,4111000000,8328000000,312000000,2121000000,39000000,ITSA4,69.6,ITSA,8.69
ON N1,ITAUUNIBANCO ON N1,Intermediários Financeiros,Bancos,33.97,2025-10-24,22.37,34.65,19522100,366351000000,,2025-06-30,10784500000,8.83,182,,,,,,7.7,,,92.4,3.85,18.62,,,0.0,0.0,,20.7,,,,479673000000,164704000000,97489000000,200814000000,8537000000,12573000000,41495000000,2928000000,3117000000,11375000000,,,,,,,,,ITUB3,67.94,ITUB,8.69
PN N1,ITAUUNIBANCO PN N1,Intermediários Financeiros,Bancos,38.03,2025-10-24,25.50,39.07,676115000,410136000000,,2025-06-30,10784500000,9.88,204,,,,,,6.9,,,92.4,3.85,18.62,,,0.0,0.0,,20.7,,,,479673000000,164704000000,97489000000,200814000000,8537000000,12573000000,41495000000,2928000000,3117000000,11375000000,,,,,,,,,ITUB4,68.16,ITUB,8.69
ON,IGUATEMI S.A ON,Exploração de Imóveis,Exploração de Imóveis,29.02,2021-11-19,21.43,36.68,7666510,3395950000,5334030000.0,2021-09-30,117021000,20.27,193,1296.0,467.0,47.0,234.0,-168.0,0.3,1283.0,2035.0,1.0,1.43,15.06,52.8,36.0,46.3,3.6,4.6,9.5,531.0,194.0,10.0,7251830000,,,1762140000,,,167568000,,,-62917000,1479620000,1785670000,3417690000,1938080000,727631000,262091000,209921000,82763000,JPSA3,6.09,JPSA,14.56
ON NM,JULIO SIMOES ON NM,Transporte,Transporte Rodoviário,5.41,2025-10-24,5.05,7.88,3599600,1549590000,8175090000.0,2025-06-30,286431000,12.93,085,147.0,16.0,13.0,69.0,-26.0,7.8,467.0,775.0,185.9,0.42,6.35,16.3,11.0,1.3,8.6,10.0,6.6,199.0,441.0,78.0,12229000000,,,1819290000,,,119835000,,,21400000,1393970000,4527230000,8019470000,6625500000,9545020000,1054620000,2381760000,258474000,JSLG3,100.47,JSLG,10.67
ON,KEPLER WEBER SA ON,Máquinas e Equipamentos,Máq. e Equip. Industriais,7.52,2025-10-24,6.81,9.79,8776170,1351490000,1336980000.0,2025-06-30,179720000,9.01,185,626.0,86.0,89.0,271.0,644.0,9.5,526.0,619.0,11.5,0.83,4.06,26.8,13.8,9.6,14.1,20.2,20.6,198.0,47.0,103.0,1526020000,,,728883000,,,149971000,,,14396000,358239000,1007160000,343720000,-14519000,1567450000,215820000,311073000,23224000,KEPL3,86.07,KEPL,9.01
UNT N2,KLABIN UNT N2,Madeira e Papel,Papel e Celulose,17.96,2025-10-24,17.30,23.05,97873800,22197400000,50082800000.0,2025-06-30,6179680000,10.62,218,450.0,109.0,37.0,278.0,-70.0,6.0,528.0,1015.0,7.8,1.69,8.25,38.6,24.2,11.3,8.2,10.2,20.5,211.0,353.0,34.0,60335200000,,,10192500000,,,2089590000,,,572066000,8082750000,15144900000,35968200000,27885400000,20372700000,4936440000,5247200000,1367260000,KLBN11,63.76,KLBN1,8.57
ON N2,KLABIN ON N2,Madeira e Papel,Papel e Celulose,3.61,2025-10-24,3.49,4.84,2303500,22308700000,50194100000.0,2025-06-30,6179680000,10.68,219,452.0,110.0,37.0,280.0,-70.0,6.0,529.0,1017.0,7.8,0.34,1.65,38.6,24.2,11.3,8.2,10.2,20.5,211.0,353.0,34.0,60335200000,,,10192500000,,,2089590000,,,572066000,8082750000,15144900000,35968200000,27885400000,20372700000,4936440000,5247200000,1367260000,KLBN3,63.71,KLBN,8.57
PN N2,KLABIN PN N2,Madeira e Papel,Papel e Celulose,3.61,2025-10-24,3.44,4.55,11022000,22308700000,50194100000.0,2025-06-30,6179680000,10.68,219,452.0,110.0,37.0,280.0,-70.0,6.0,529.0,1017.0,7.8,0.34,1.65,38.6,24.2,11.3,8.2,10.2,20.5,211.0,353.0,34.0,60335200000,,,10192500000,,,2089590000,,,572066000,8082750000,15144900000,35968200000,27885400000,20372700000,4936440000,5247200000,1367260000,KLBN4,63.71,KLBN,8.57
ON NM,LAVVI ON NM,Construção Civil,Incorporações,14.23,2025-10-24,6.60,15.47,8659700,2781030000,2839270000.0,2025-06-30,195434000,6.75,178,677.0,156.0,73.0,133.0,339.0,7.7,689.0,691.0,32.1,2.11,8.0,34.9,23.0,26.6,10.7,13.8,26.4,384.0,54.0,47.0,3827980000,,,1563360000,,,412007000,,,118591000,790791000,2833340000,849037000,58246000,1785470000,411004000,481894000,114850000,LAVV3,51.93,LAVV,7.39
ON,MAHLE METAL LEVE ON,Automóveis e Motocicletas,Automóveis e Motocicletas,28.36,2025-10-24,24.55,32.77,7486360,3843890000,5024960000.0,2025-06-30,135539000,7.15,520,461.0,75.0,103.0,669.0,-552.0,9.3,527.0,602.0,11.2,3.97,5.45,27.0,16.3,10.5,22.4,31.4,72.8,133.0,188.0,137.0,3732400000,,,739079000,,,537776000,,,126743000,208873000,2295130000,1389950000,1181070000,5104230000,834511000,1369160000,223082000,LEVE3,66.44,LEVE,6.6
ON,LIGHT SA ON,Energia Elétrica,Energia Elétrica,5.07,2025-10-24,3.69,7.30,6775540,1888860000,8349770000.0,2025-06-30,372555000,0.78,034,128.0,13.0,7.0,224.0,-13.0,0.0,349.0,567.0,0.4,6.5,15.0,17.1,9.8,16.1,5.6,7.1,43.3,115.0,172.0,57.0,26154600000,,,5588970000,,,2420530000,,,-51444000,3176380000,6482630000,9637290000,6460910000,15030800000,1473000000,3456410000,170456000,LIGT3,0.0,LIGT,8.56
ON NM,LOG COM PROP ON NM,Exploração de Imóveis,Exploração de Imóveis,23.0,2025-10-24,16.17,23.81,6524060,2020760000,4111000000.0,2025-06-30,87859000,5.47,054,1222.0,881.0,28.0,324.0,-107.0,9.5,2389.0,2486.0,11.3,4.21,42.57,97.7,72.1,161.6,2.3,2.4,9.9,170.0,63.0,3.0,7166960000,,,3740220000,,,369632000,,,86958000,280694000,1512560000,2370930000,2090240000,229293000,165364000,61466000,44422000,LOGG3,51.9,LOGG,14.56
ON,RENNER ON,Comércio,"Tecidos, Vestuário e Calçados",14.8,2025-10-24,10.45,19.27,226585000,15685600000,14485400000.0,2025-06-30,1059840000,11.47,152,457.0,102.0,84.0,335.0,613.0,5.3,307.0,422.0,12.4,1.29,9.72,61.2,22.2,8.9,18.3,22.0,13.3,174.0,6.0,82.0,18735300000,,,10300500000,,,1367960000,,,404496000,1790790000,10994600000,590597000,-1200190000,15432900000,3433590000,4167570000,1011030000,LREN3,60.81,LREN,10.26
ON NM,LOCAWEB ON NM,Programas e Serviços,Programas e Serviços,4.02,2025-10-24,2.55,4.61,15180200,2275320000,2011550000.0,2025-06-30,565999000,75.8,083,1652.0,159.0,59.0,1046.0,2504.0,3.1,733.0,1460.0,22.2,0.05,4.87,47.6,9.6,2.1,3.6,4.0,1.1,123.0,3.0,37.0,3831460000,,,2754100000,,,30018000,,,15808000,345238000,1168230000,81473000,-263765000,1433130000,137748000,370776000,38201000,LWSA3,249.24,LWSA,32.82
ON NM,MATER DEI ON NM,Serv.Méd.Hospit. Análises e Diagnósticos,Serv.Méd.Hospit. Análises e Diagnósticos,4.22,2025-10-24,3.42,4.95,1013340,1407580000,2157350000.0,2025-06-30,333549000,10.84,097,431.0,67.0,32.0,139.0,-104.0,1.8,496.0,661.0,16.5,0.39,4.35,29.1,15.5,6.5,7.5,9.1,8.9,309.0,96.0,48.0,4338670000,,,1451790000,,,129810000,,,26235000,638213000,1499520000,1387990000,749777000,2102980000,326621000,545807000,96569000,MATD3,19.48,MATD,12.05
ON NM,MARFRIG ON NM,Alimentos Processados,Carnes e Derivados,15.03,2025-10-24,11.07,24.60,235238000,21607800000,64671000000.0,2025-06-30,1437640000,7.63,762,347.0,14.0,16.0,223.0,-33.0,23.0,474.0,1038.0,20.0,1.97,1.97,12.8,3.9,2.4,4.5,6.7,99.9,122.0,2330.0,116.0,137817000000,,,2834440000,,,2830550000,,,85223000,22976800000,53153900000,66040000000,43063200000,159308000000,6228990000,38692000000,1225940000,MBRF3,175.48,MBRF,7.8
ON NM,M.DIASBRANCO ON NM,Alimentos Processados,Alimentos Diversos,29.48,2025-10-24,18.79,29.59,16348900,9993720000,9710830000.0,2025-06-30,339000000,17.03,123,1115.0,102.0,79.0,296.0,742.0,2.4,754.0,1084.0,8.2,1.73,24.01,32.8,9.1,6.0,7.1,9.6,7.2,233.0,23.0,77.0,12704200000,,,8140170000,,,586880000,,,216382000,2154430000,5910530000,1871540000,-282887000,9824750000,896029000,2723400000,294207000,MDIA3,40.9,MDIA,14.32
ON NM,MOURA DUBEUX ON NM,Construção Civil,Incorporações,26.79,2025-10-24,9.90,29.93,18971200,2274710000,2456410000.0,2025-06-30,84909000,7.0,135,622.0,115.0,50.0,163.0,-398.0,4.6,650.0,672.0,30.8,3.83,19.91,33.0,18.5,16.5,8.0,9.1,19.2,254.0,29.0,43.0,4576480000,,,1690840000,,,324960000,,,120552000,316610000,2307960000,498306000,181696000,1973360000,365588000,664934000,135379000,MDNE3,32.18,MDNE,7.39
ON NM,MELNICK ON NM,Construção Civil,Incorporações,3.82,2025-10-24,2.45,4.18,2684330,787949000,828295000.0,2025-06-30,206269000,6.7,074,550.0,65.0,30.0,65.0,141.0,30.7,563.0,578.0,15.8,0.57,5.19,25.2,11.9,15.7,5.5,6.7,11.0,265.0,41.0,46.0,2596780000,,,1069820000,,,117517000,,,39192000,398683000,1938030000,439029000,40346000,1206190000,143280000,337970000,50810000,MELK3,205.74,MELK,7.39
ON NM,MAGAZ LUIZA ON NM,Comércio,Eletrodomésticos,8.08,2025-10-24,5.64,11.45,241666000,5971080000,10065000000.0,2025-06-30,738995000,15.49,054,331.0,16.0,16.0,139.0,-90.0,3.8,321.0,557.0,2.0,0.52,15.0,30.7,4.7,1.0,4.9,7.1,3.5,129.0,56.0,104.0,36913600000,,,11085100000,,,385596000,,,-24356000,2113620000,19219400000,6207500000,4093880000,38312500000,1805940000,9134670000,425520000,MGLU3,59.05,MGLU,15.49
ON NM,MILLS ON NM,Diversos,Aluguel de carros,12.5,2025-10-24,8.00,12.70,11835300,2927230000,4169200000.0,2025-06-30,234178000,9.71,191,487.0,171.0,77.0,437.0,-285.0,4.1,491.0,694.0,29.0,1.29,6.54,63.2,35.0,17.6,15.9,19.4,19.7,221.0,115.0,45.0,3784200000,,,1530490000,,,301398000,,,87232000,519216000,1224850000,1761190000,1241970000,1714530000,600879000,450060000,160753000,MILS3,39.73,MILS,13.51
ON,MOTIVA SA ON,Transporte,Exploração de Rodovias,15.35,2025-10-24,9.81,15.35,113942000,31007000000,63293700000.0,2025-06-30,2020000000,14.89,211,524.0,147.0,48.0,641.0,-79.0,3.2,832.0,1069.0,14.6,1.03,7.28,38.3,28.1,10.1,9.2,10.4,14.2,188.0,265.0,33.0,64512000000,,,14702500000,,,2082160000,,,897243000,6678890000,10346800000,38965600000,32286700000,21060700000,5922530000,4662280000,1541920000,MOTV3,47.69,MOTV,11.1
ON NM,MOVIDA ON NM,Diversos,Aluguel de carros,7.91,2025-10-24,3.33,9.30,29929600,2752130000,18800600000.0,2025-06-30,347931000,9.61,104,86.0,19.0,9.0,-124.0,-14.0,2.3,344.0,588.0,34.3,0.82,7.61,30.9,22.4,2.0,10.7,14.6,10.8,77.0,736.0,48.0,29775600000,,,2648980000,,,286460000,,,67596000,3439080000,7615070000,19487600000,16048500000,14271300000,3196330000,3679000000,841175000,MOVI3,22.19,MOVI,13.51
ON NM,MITRE REALTY ON NM,Construção Civil,Incorporações,3.6,2025-10-24,2.49,4.11,2227570,380790000,865505000.0,2025-06-30,105775000,6.63,038,400.0,33.0,16.0,35.0,61.0,14.2,706.0,910.0,22.0,0.54,9.38,25.2,8.3,7.0,4.1,4.6,5.8,235.0,67.0,49.0,2310160000,,,992548000,,,57428000,,,10393000,182609000,1889250000,667324000,484715000,1140400000,95092000,256864000,20186000,MTRE3,94.67,MTRE,7.39
ON N2,Multiplan ON N2,Exploração de Imóveis,Exploração de Imóveis,27.69,2025-10-24,19.54,29.08,93699300,14209500000,18591700000.0,2025-06-30,513164000,11.01,241,748.0,526.0,115.0,3337.0,-310.0,4.9,910.0,979.0,24.6,2.51,11.51,81.1,70.3,47.8,15.4,16.7,21.9,131.0,87.0,22.0,12311300000,,,5905050000,,,1290460000,,,264367000,742293000,1816950000,5124440000,4382140000,2701190000,1899640000,694056000,438517000,MULT3,54.06,MULT,14.56
ON,IOCHPE-MAXION ON,Automóveis e Motocicletas,Automóveis e Motocicletas,10.85,2025-10-24,9.56,14.25,14096000,1667860000,5584590000.0,2025-06-30,153720000,6.06,039,160.0,10.0,11.0,60.0,-52.0,4.6,352.0,537.0,5.5,1.79,28.09,12.2,6.5,2.3,7.0,9.6,6.4,168.0,130.0,107.0,14920100000,,,4317770000,,,275251000,,,86822000,1678690000,6926160000,5595420000,3916730000,15936500000,1040060000,4106970000,290597000,MYPK3,27.88,MYPK,6.6
ON,NATURA COSMETICOS SA ON,,,8.74,2025-10-24,8.13,10.51,120578000,12013600000,12180500000.0,2025-06-30,1374560000,17.87,127,407.0,53.0,60.0,175.0,408.0,0.0,333.0,413.0,0.1,0.49,6.88,66.7,13.1,3.0,14.7,22.5,7.1,203.0,26.0,112.0,20092300000,,,9460150000,,,672396000,,,365298000,2266770000,13576900000,2433650000,166879000,22561000000,2951800000,5599330000,763871000,NATU3,0.0,NATU,
ON NM,NEOENERGIA ON NM,Energia Elétrica,Energia Elétrica,28.39,2025-10-24,17.64,29.20,49868700,34459700000,79445700000.0,2025-06-30,1213800000,7.97,098,314.0,68.0,31.0,1129.0,-64.0,2.9,570.0,724.0,6.3,3.56,29.02,26.7,21.5,8.5,9.9,10.9,12.3,117.0,144.0,46.0,110816000000,,,35221000000,,,4325000000,,,1631000000,5709000000,21358000000,50695000000,44986000000,51028000000,10971000000,12856000000,2554000000,NEOE3,23.13,NEOE,8.56
ON NM,ODONTOPREV ON NM,Serv.Méd.Hospit. Análises e Diagnósticos,Serv.Méd.Hospit. Análises e Diagnósticos,13.04,2025-10-24,9.48,13.51,18299600,7117560000,6743660000.0,2025-06-30,545825000,12.27,551,956.0,303.0,336.0,-3660.0,-2208.0,7.6,842.0,906.0,7.4,1.06,2.37,37.2,31.7,24.7,35.2,43.9,44.9,72.0,,111.0,2118060000,,,1291700000,,,579924000,,,147828000,373902000,503735000,0,-373902000,2347890000,744530000,603695000,190787000,ODPV3,93.49,ODPV,12.05
ON NM,ORIZON ON NM,Água e Saneamento,Água e Saneamento,55.45,2025-10-24,36.22,57.86,23089500,5330230000,6299690000.0,2025-06-30,96126900,120.94,380,1991.0,542.0,132.0,676.0,-454.0,0.0,1407.0,2354.0,26.8,0.46,14.59,45.5,27.2,5.7,6.6,9.1,3.1,236.0,136.0,24.0,4045500000,,,1402850000,,,44072000,,,23846000,932773000,1366940000,1902230000,969454000,984261000,267660000,264181000,78803000,ORVR3,0.0,ORVR,6.97
ON,PETROBRAS ON,"Petróleo, Gás e Biocombustíveis","Exploração, Refino e Distribuição",31.75,2025-10-24,30.41,39.79,331948000,409217000000,728807000000.0,2025-06-30,12888700000,5.29,103,199.0,83.0,35.0,-945.0,-64.0,16.4,261.0,355.0,6.2,6.0,30.97,49.1,41.7,15.8,17.5,18.9,19.4,76.0,93.0,42.0,1174890000000,,,399222000000,,,77372000000,,,26652000000,51847000000,135859000000,371437000000,319590000000,493122000000,205467000000,119128000000,46769000000,PETR3,86.78,PETR,4.58
PN,PETROBRAS PN,"Petróleo, Gás e Biocombustíveis","Exploração, Refino e Distribuição",29.84,2025-10-24,28.30,35.88,863421000,384600000000,704190000000.0,2025-06-30,12888700000,4.97,096,187.0,78.0,33.0,-888.0,-60.0,17.4,252.0,343.0,6.2,6.0,30.97,49.1,41.7,15.8,17.5,18.9,19.4,76.0,93.0,42.0,1174890000000,,,399222000000,,,77372000000,,,26652000000,51847000000,135859000000,371437000000,319590000000,493122000000,205467000000,119128000000,46769000000,PETR4,86.54,PETR,4.58
ON NM,PROFARMA ON NM,Comércio e Distribuição,Medicamentos e Outros Produtos,7.13,2025-10-24,5.67,9.03,1607650,882787000,1727060000.0,2025-06-30,123813000,7.48,066,277.0,8.0,16.0,103.0,-7946.0,8.1,343.0,543.0,16.3,0.95,10.79,14.8,2.9,1.1,5.9,9.4,8.8,130.0,82.0,205.0,5370610000,,,1336390000,,,118009000,,,21769000,246566000,3738630000,1090840000,844274000,11032600000,318292000,2701970000,97775000,PFRM3,60.79,PFRM,15.19
ON NM,PAGUE MENOS ON NM,Comércio e Distribuição,Medicamentos e Outros Produtos,3.87,2025-10-24,2.63,3.98,8519040,2564540000,4021410000.0,2025-06-30,662673000,15.78,092,377.0,19.0,28.0,141.0,-187.0,5.6,335.0,591.0,18.1,0.25,4.19,31.9,5.0,1.2,7.5,10.1,5.9,158.0,61.0,150.0,9115560000,,,2778330000,,,162563000,,,50233000,243778000,4959880000,1700640000,1456860000,13684600000,680548000,3693370000,225933000,PGMN3,86.69,PGMN,15.19
PN,Pine PN,Intermediários Financeiros,Bancos,8.96,2025-10-24,3.72,9.00,2694230,2035050000,,2025-06-30,227126000,7.07,175,,,,,,7.2,,,57.6,1.27,5.13,,,0.0,0.0,,24.7,,,,30050200000,0,0,1165010000,670134000,27249000,287908000,211683000,8700000,83020000,,,,,,,,,PINE4,50.8,PINE,8.69
ON NM,PLANOEPLANO ON NM,Construção Civil,Incorporações,15.1,2025-10-24,7.84,18.00,16313500,3078910000,3262940000.0,2025-06-30,203901000,8.61,338,414.0,111.0,101.0,164.0,616.0,6.7,427.0,439.0,27.0,1.75,4.47,33.2,26.7,15.1,24.4,34.3,39.2,374.0,81.0,91.0,3049800000,,,911158000,,,357510000,,,83539000,553766000,2561500000,737803000,184037000,2783420000,743053000,783815000,143609000,PLPL3,57.81,PLPL,7.39
ON,PANVEL FARMÁCIAS ON,Comércio e Distribuição,Medicamentos e Outros Produtos,9.45,2025-10-24,7.75,10.33,2850410,1421060000,2448620000.0,2025-06-30,150377000,12.11,115,730.0,28.0,43.0,173.0,-797.0,3.1,588.0,1258.0,14.3,0.78,8.21,32.0,3.8,2.3,5.9,7.7,9.5,175.0,99.0,155.0,3326450000,,,1234100000,,,117385000,,,25090000,194052000,1914040000,1221610000,1027560000,5155270000,194721000,1313750000,55333000,PNVL3,37.56,PNVL,15.19
ON,MARCOPOLO ON,Material de Transporte,Material Rodoviário,7.51,2025-10-24,4.44,8.41,3670160,8533390000,9890280000.0,2025-06-30,1136270000,7.07,204,622.0,95.0,90.0,321.0,1899.0,8.3,644.0,721.0,28.1,1.06,3.67,24.7,15.3,13.6,14.5,20.0,28.9,187.0,79.0,94.0,9494730000,,,4175410000,,,1206420000,,,319344000,1954670000,5717710000,3311550000,1356880000,8963590000,1372670000,2305080000,371153000,POMO3,58.8,POMO,12.47
PN N2,MARCOPOLO PN N2,Material de Transporte,Material Rodoviário,8.69,2025-10-24,5.70,9.88,81828600,9874190000,11231100000.0,2025-06-30,1136270000,8.18,236,719.0,110.0,104.0,372.0,2197.0,7.1,731.0,818.0,28.1,1.06,3.67,24.7,15.3,13.6,14.5,20.0,28.9,187.0,79.0,94.0,9494730000,,,4175410000,,,1206420000,,,319344000,1954670000,5717710000,3311550000,1356880000,8963590000,1372670000,2305080000,371153000,POMO4,58.21,POMO,12.47
ON NM,WILSON SONS ON NM,Transporte,Serviços de Apoio e Armazenagem,18.48,2025-10-24,14.92,18.50,23407000,8185380000,10574900000.0,2025-06-30,442932000,11.79,315,883.0,262.0,130.0,-5278.0,-297.0,4.1,834.0,1140.0,5.5,1.57,5.87,48.3,29.6,22.4,14.8,16.0,26.7,86.0,103.0,50.0,6278710000,,,2601000000,,,694233000,,,166288000,284092000,923359000,2673580000,2389490000,3128760000,927492000,770403000,193970000,PORT3,48.26,PORT,13.54
ON,PETRORIO ON,"Petróleo, Gás e Biocombustíveis","Exploração, Refino e Distribuição",37.05,2025-10-24,32.89,44.03,275001000,33209600000,51485400000.0,2025-06-30,896346000,3.14,127,779.0,232.0,60.0,1050.0,-164.0,0.0,622.0,1207.0,48.7,11.81,29.21,34.7,29.8,73.9,7.7,8.6,40.4,154.0,88.0,26.0,55437700000,,,26180900000,,,10589400000,,,680674000,4759560000,9062140000,23035300000,18275800000,14334000000,4265840000,3327790000,349102000,PRIO3,0.0,PRIO,4.58
ON NM,PRINER ON NM,Serviços Diversos,Serviços Diversos,15.33,2025-10-24,12.80,17.84,6937990,869533000,1231770000.0,2025-06-30,56721000,79.15,256,773.0,62.0,61.0,209.0,-330.0,0.3,699.0,1095.0,42.9,0.19,6.0,22.0,8.0,2.3,7.9,11.0,3.2,206.0,215.0,99.0,1429340000,,,340311000,,,10986000,,,-2092000,367896000,806837000,730136000,362240000,1409630000,112454000,361894000,21538000,PRNR3,24.21,PRNR,35.03
ON,PORTO SEGURO SA ON,Previdência e Seguros,Seguradoras,47.08,2025-10-24,33.38,56.14,115488000,30441300000,20487500000.0,2025-06-30,646586000,9.76,210,100.0,82.0,60.0,950.0,-365.0,4.0,66.0,67.0,17.8,4.83,22.4,100.0,81.7,8.5,59.9,74.4,21.5,113.0,,73.0,50945000000,,,14482200000,,,3120170000,,,878054000,9953740000,28063300000,0,-9953740000,37343700000,30516200000,10047800000,8256430000,PSSA3,38.99,PSSA,8.09
ON,RAIADROGASIL ON,Comércio e Distribuição,Medicamentos e Outros Produtos,19.58,2025-10-24,13.31,25.59,182114000,33638600000,36729700000.0,2025-06-30,1718010000,27.5,504,1425.0,82.0,146.0,890.0,-1089.0,1.8,864.0,1555.0,16.8,0.71,3.88,29.4,5.8,3.0,10.2,14.1,18.3,140.0,55.0,178.0,23052500000,,,6671830000,,,1223390000,,,374004000,605299000,13277600000,3696400000,3091110000,40965900000,2361330000,10831000000,719385000,RADL3,49.64,RADL,15.19
ON NM,RUMO S.A. ON NM,Transporte,Transporte Ferroviário,15.38,2025-10-24,14.11,19.91,229072000,28588800000,43729300000.0,2025-06-30,1858830000,44.32,213,503.0,206.0,57.0,843.0,-102.0,5.3,475.0,769.0,17.5,0.35,7.21,46.2,40.9,4.8,11.2,13.0,4.8,162.0,158.0,27.0,50595300000,,,13404700000,,,645049000,,,328816000,6091530000,8862410000,21232100000,15140500000,13893800000,5685900000,3711390000,1643230000,RAIL3,232.9,RAIL,44.32
ON,IRANI ON,Madeira e Papel,Papel e Celulose,8.48,2025-10-24,5.89,8.91,5792880,1954650000,3109630000.0,2025-06-30,230501000,5.05,137,441.0,116.0,52.0,233.0,-177.0,9.0,480.0,702.0,4.4,1.68,6.17,41.6,26.3,22.9,11.8,14.8,27.2,308.0,125.0,45.0,3768110000,,,1422130000,,,386757000,,,104247000,627105000,1243760000,1782090000,1154980000,1687260000,443057000,413774000,155935000,RANI3,45.43,RANI,8.57
PN N1,RANDON S.A. IMPLEMENTOS E PARTICIPAÇÕES PN N1,Material de Transporte,Material Rodoviário,5.98,2025-10-24,5.24,10.89,19812800,2091360000,9331030000.0,2025-06-30,349725000,10.61,068,164.0,16.0,12.0,45.0,-52.0,4.0,549.0,732.0,12.8,0.56,8.74,25.8,9.9,3.4,7.3,8.8,6.4,204.0,293.0,74.0,17465400000,,,3056780000,,,197091000,,,-34929000,1725990000,9104660000,8965670000,7239680000,12883100000,1275450000,3298380000,242585000,RAPT4,42.71,RAPT,12.47
ON NM,REDE D OR ON NM,Serv.Méd.Hospit. Análises e Diagnósticos,Serv.Méd.Hospit. Análises e Diagnósticos,42.26,2025-10-24,24.78,42.30,173213000,96745500000,94184700000.0,2025-06-30,2289290000,23.52,381,1152.0,183.0,92.0,269.0,-421.0,1.9,927.0,1122.0,34.5,1.8,11.08,19.8,15.9,8.0,7.9,13.2,16.2,289.0,150.0,50.0,105710000000,,,25362500000,,,4112780000,,,1001590000,40546500000,54856900000,37985700000,-2560790000,52806000000,8394630000,13960800000,2377790000,RDOR3,44.61,RDOR,12.05
ON NM,PETRORECONCA ON NM,"Petróleo, Gás e Biocombustíveis","Exploração, Refino e Distribuição",12.48,2025-10-24,11.81,16.34,27937000,3662530000,4835380000.0,2025-06-30,293472000,5.58,083,393.0,109.0,51.0,587.0,-225.0,17.6,293.0,519.0,18.1,2.24,15.12,34.9,27.7,19.5,12.9,15.0,14.8,222.0,41.0,47.0,7201850000,,,4438630000,,,656952000,,,238139000,651548000,1135280000,1824400000,1172850000,3360620000,930918000,806302000,186737000,RECV3,98.06,RECV,4.58
ON,LOCALIZA RENT A CAR ON,Diversos,Aluguel de carros,38.75,2025-10-24,26.71,44.03,283721000,41951600000,75271800000.0,2025-06-30,1082620000,18.04,165,515.0,106.0,52.0,969.0,-109.0,4.9,567.0,924.0,42.8,2.15,23.54,28.5,20.6,5.9,10.0,12.3,9.1,133.0,163.0,49.0,81318700000,,,25487200000,,,2325430000,,,-167098000,8249250000,17427500000,41569500000,33320300000,39575500000,8150560000,9900110000,2020420000,RENT3,88.31,RENT,13.51
UNT N2,SANEPAR UNT N2,Água e Saneamento,Água e Saneamento,34.45,2025-10-24,24.38,37.82,41897200,10412200000,15714000000.0,2025-06-30,1511210000,4.6,088,534.0,149.0,42.0,2010.0,-102.0,6.4,618.0,806.0,9.5,7.48,38.99,56.6,27.9,32.3,7.8,8.4,19.2,121.0,57.0,28.0,24914500000,,,11784300000,,,2262240000,,,263848000,1396320000,2970920000,6698070000,5301750000,6996560000,1949230000,1705370000,567981000,SAPR11,29.48,SAPR1,6.97
ON,SANEPAR ON,Água e Saneamento,Água e Saneamento,7.07,2025-10-24,4.71,8.06,1611140,10684200000,15986000000.0,2025-06-30,1511210000,4.72,091,548.0,153.0,43.0,2063.0,-105.0,5.8,628.0,820.0,9.5,1.5,7.8,56.6,27.9,32.3,7.8,8.4,19.2,121.0,57.0,28.0,24914500000,,,11784300000,,,2262240000,,,263848000,1396320000,2970920000,6698070000,5301750000,6996560000,1949230000,1705370000,567981000,SAPR3,27.34,SAPR,6.97
PN,SANEPAR PN,Água e Saneamento,Água e Saneamento,6.79,2025-10-24,4.87,7.42,7780860,10261100000,15562800000.0,2025-06-30,1511210000,4.54,087,526.0,147.0,41.0,1981.0,-101.0,6.6,612.0,798.0,9.5,1.5,7.8,56.6,27.9,32.3,7.8,8.4,19.2,121.0,57.0,28.0,24914500000,,,11784300000,,,2262240000,,,263848000,1396320000,2970920000,6698070000,5301750000,6996560000,1949230000,1705370000,567981000,SAPR4,29.88,SAPR,6.97
ON,GRUPO SBF ON,Comércio,Produtos Diversos,12.37,2025-10-24,9.26,13.92,23187000,3025150000,5201790000.0,2025-06-30,244555000,7.9,104,527.0,41.0,36.0,302.0,-226.0,4.4,511.0,906.0,17.3,1.57,11.9,49.1,7.8,5.2,6.8,8.4,13.2,131.0,90.0,87.0,8435540000,,,2910560000,,,383157000,,,46411000,429032000,4189090000,2605680000,2176640000,7314620000,574081000,1817700000,106712000,SBFG3,34.67,SBFG,7.9
ON NM,SABESP ON NM,Água e Saneamento,Água e Saneamento,133.11,2025-10-24,84.12,133.11,369132000,90982000000,114340000000.0,2025-06-30,683510000,8.15,225,505.0,226.0,103.0,3282.0,-260.0,2.8,564.0,634.0,20.0,16.33,59.17,53.1,44.8,27.8,20.3,22.7,27.6,126.0,77.0,45.0,88719900000,,,40444100000,,,11164900000,,,2135960000,7925590000,13234400000,31283500000,23358000000,40226500000,18025700000,8964530000,3303650000,SBSP3,22.82,SBSP,6.97
ON NM,SER EDUCA ON NM,Diversos,Serviços Educacionais,10.69,2025-10-24,3.93,11.43,6486460,1376040000,1954800000.0,2025-06-30,128722000,14.89,105,339.0,65.0,41.0,557.0,-124.0,1.4,312.0,481.0,12.6,0.72,10.21,58.3,19.1,4.3,12.0,13.2,7.0,135.0,63.0,63.0,3377910000,,,1314460000,,,92440000,,,81326000,250983000,952940000,829748000,578765000,2127590000,406368000,589237000,144412000,SEER3,20.79,SEER,9.43
PN,SCHULZ PN,Máquinas e Equipamentos,"Motores, Compressores e Outros",4.64,2025-10-24,4.43,6.03,3031050,1658220000,1559880000.0,2025-06-30,357375000,6.14,110,983.0,82.0,59.0,137.0,324.0,7.3,653.0,924.0,7.4,0.76,4.24,25.7,8.4,13.4,6.0,9.7,17.8,304.0,54.0,72.0,2807640000,,,1513810000,,,269941000,,,74040000,910228000,1804860000,811886000,-98342000,2015190000,168765000,538526000,53644000,SHUL4,44.57,SHUL,16.46
ON NM,SLC Agricola ON NM,Agropecuária,Agricultura,15.92,2025-10-24,15.65,20.25,29672600,7057810000,12890200000.0,2025-06-30,443330000,11.99,136,415.0,80.0,40.0,217.0,-152.0,3.4,626.0,758.0,9.8,1.33,11.68,29.2,19.3,6.6,9.7,10.8,11.4,173.0,135.0,50.0,17610700000,,,5179100000,,,588584000,,,161688000,1149610000,7720450000,6982050000,5832430000,8786440000,1699670000,2254860000,474092000,SLCE3,40.7,SLCE,10.95
ON NM,SMART FIT ON NM,Viagens e Lazer,Atividades Esportivas,25.85,2025-10-24,16.51,26.73,80452400,15438900000,18658700000.0,2025-06-30,597250000,29.1,274,1019.0,240.0,84.0,1245.0,-175.0,2.4,604.0,1232.0,48.3,0.89,9.44,42.4,23.6,8.3,8.2,9.9,9.4,145.0,106.0,35.0,18456000000,,,5639220000,,,530457000,,,159789000,2732550000,3965930000,5952370000,3219820000,6432050000,1514760000,1791140000,441831000,SMFT3,69.71,SMFT,29.1
ON NM,SAO MARTINHO ON NM,Alimentos Processados,Açucar e Alcool,14.62,2025-10-24,14.62,26.10,34691000,4860200000,12394100000.0,2025-06-30,332435000,9.47,070,445.0,66.0,22.0,123.0,-58.0,6.2,342.0,1134.0,11.8,1.54,20.86,23.1,14.8,7.0,5.0,5.9,7.4,250.0,149.0,34.0,21912200000,,,6934320000,,,513240000,,,62829000,2790210000,6596560000,10324100000,7533890000,7375490000,1092730000,1857160000,268072000,SMTO3,58.86,SMTO,9.47
ON NM,BOA SAFRA ON NM,Agropecuária,Agricultura,10.08,2025-10-24,9.56,13.16,4001600,1364050000,1652300000.0,2025-06-30,135322000,13.47,101,875.0,70.0,38.0,79.0,151.0,1.5,777.0,1060.0,33.5,0.75,10.0,13.4,8.0,8.9,4.3,5.8,7.5,321.0,63.0,54.0,3586820000,,,1353140000,,,101279000,,,5628000,564911000,2521790000,853164000,288253000,1940720000,155856000,125124000,18263000,SOJA3,20.16,SOJA,10.95
ON NM,SERENA ON NM,Energia Elétrica,Energia Elétrica,12.52,2025-10-24,5.28,12.52,55474000,7796590000,18371800000.0,2025-06-30,622731000,107.22,145,607.0,147.0,39.0,4825.0,-68.0,0.0,878.0,1429.0,56.7,0.12,8.64,28.4,24.3,1.4,6.4,6.9,1.4,106.0,215.0,26.0,20046300000,,,5382920000,,,72713000,,,-36099000,1008830000,3074960000,11584000000,10575200000,5293960000,1285290000,1461700000,267704000,SRNA3,0.0,SRNA,8.56
ON NM,SBPAR ON NM,Transporte,Serviços de Apoio e Armazenagem,14.42,2025-10-02,12.30,14.46,63075400,12461300000,14574000000.0,2025-06-30,864170000,15.3,1555,850.0,375.0,226.0,7640.0,-344.0,3.5,836.0,994.0,27.6,0.94,0.93,57.1,44.1,24.5,26.6,30.5,101.6,118.0,335.0,60.0,5519520000,,,801593000,,,814288000,,,193376000,571787000,1091880000,2684460000,2112670000,3319560000,1465550000,880911000,372910000,STBP3,53.69,STBP,13.54
ON,Suzano Papel ON,Madeira e Papel,Papel e Celulose,49.1,2025-10-24,47.48,64.87,228554000,62068200000,133324000000.0,2025-06-30,1264120000,7.94,144,467.0,121.0,39.0,227.0,-81.0,4.1,561.0,1003.0,7.6,6.19,34.12,37.7,25.9,15.3,8.3,10.0,18.1,316.0,212.0,32.0,159423000000,,,43137800000,,,7821420000,,,5004700000,20371400000,39909100000,91627200000,71255700000,51299400000,13295300000,13295900000,3202060000,SUZB3,32.52,SUZB,8.57
UNT,TAESA UNT,Energia Elétrica,Energia Elétrica,36.97,2025-10-24,29.93,36.97,58318900,12736100000,22148000000.0,2025-06-30,1033500000,7.11,167,535.0,295.0,59.0,2080.0,-119.0,8.0,917.0,930.0,2.9,5.2,22.1,61.8,55.1,41.5,11.1,11.7,23.5,124.0,135.0,20.0,21504900000,,,7612370000,,,1791930000,,,510019000,896883000,3198270000,10308700000,9411830000,4320430000,2382110000,1261830000,653817000,TAEE11,56.88,TAEE1,8.56
PN N2,TAESA PN N2,Energia Elétrica,Energia Elétrica,12.39,2025-10-24,10.14,12.39,1470370,12805000000,22216900000.0,2025-06-30,1033500000,7.15,168,538.0,296.0,60.0,2091.0,-120.0,8.0,920.0,933.0,2.9,1.73,7.37,61.8,55.1,41.5,11.1,11.7,23.5,124.0,135.0,20.0,21504900000,,,7612370000,,,1791930000,,,510019000,896883000,3198270000,10308700000,9411830000,4320430000,2382110000,1261830000,653817000,TAEE4,57.29,TAEE,8.56
ON NM,Tenda ON NM,Construção Civil,Incorporações,23.15,2025-10-24,11.73,27.20,42143400,2837680000,3267150000.0,2025-06-30,122578000,7.34,241,573.0,78.0,49.0,153.0,-283.0,2.5,579.0,660.0,8.9,3.16,9.62,29.4,13.7,10.4,8.5,10.4,32.8,203.0,101.0,62.0,5850580000,,,1179660000,,,386846000,,,203861000,761207000,3647390000,1190670000,429466000,3619360000,495067000,991483000,130399000,TEND3,18.31,TEND,7.39
PN,TRACK FIELD PN,"Tecidos, Vestuário e Calçados",Vestuário,18.12,2025-10-24,8.32,18.12,10924500,2776310000,2898960000.0,2025-06-30,153218000,20.73,543,1465.0,298.0,337.0,719.0,1101.0,1.5,1396.0,1530.0,26.3,0.87,3.33,57.5,20.3,14.4,23.0,26.1,26.2,318.0,29.0,113.0,822781000,,,510935000,,,133898000,,,33984000,23674000,562662000,146322000,122648000,932503000,189524000,242091000,49477000,TFCO4,31.24,TFCO,20.73
ON NM,Tegma ON NM,Transporte,Transporte Rodoviário,35.68,2025-10-24,26.30,37.71,7104510,2354990000,2204900000.0,2025-06-30,66003000,8.41,237,654.0,107.0,169.0,468.0,677.0,7.6,567.0,612.0,21.2,4.24,15.05,21.6,16.3,12.7,25.8,36.1,28.2,303.0,20.0,158.0,1397080000,,,993359000,,,280135000,,,67119000,347151000,751456000,197063000,-150088000,2209010000,360231000,540540000,78996000,TGMA3,63.95,TGMA,10.67
ON NM,TOTVS ON NM,Programas e Serviços,Programas e Serviços,42.34,2025-10-24,25.88,46.02,113250000,25378700000,24977100000.0,2025-06-30,599402000,29.53,518,1200.0,451.0,283.0,1390.0,-4391.0,1.6,1016.0,1181.0,17.9,1.43,8.17,69.9,37.6,15.6,23.6,31.8,17.5,236.0,35.0,63.0,8962550000,,,4897170000,,,859357000,,,188718000,2094240000,3169360000,1692700000,-401540000,5631210000,2115390000,1488070000,546209000,TOTS3,47.37,TOTS,32.82
ON NM,Trisul ON NM,Construção Civil,Incorporações,7.44,2025-10-24,4.04,7.99,3257730,1388440000,1786690000.0,2025-06-30,186618000,6.95,090,707.0,108.0,42.0,75.0,123.0,4.0,803.0,910.0,12.0,1.07,8.23,30.9,15.2,15.9,6.0,7.4,13.0,281.0,63.0,39.0,3292030000,,,1535000000,,,199919000,,,48029000,567173000,2862340000,965427000,398254000,1291090000,196430000,293667000,38263000,TRIS3,27.81,TRIS,7.39
ON NM,3TENTOS ON NM,Agropecuária,Agricultura,14.51,2025-10-24,11.04,16.90,13612800,7247710000,9465260000.0,2025-06-30,499498000,7.4,162,651.0,50.0,63.0,245.0,1249.0,1.3,776.0,851.0,33.8,1.96,8.98,17.7,7.7,6.8,9.6,15.3,21.8,163.0,91.0,124.0,11584400000,,,4484860000,,,978809000,,,331555000,1846790000,7670250000,4064340000,2217550000,14412100000,1112490000,3562880000,309358000,TTEN3,9.62,TTEN,10.95
ON,ULTRAPAR PARTICIPAÇÕES SA ON,"Petróleo, Gás e Biocombustíveis","Exploração, Refino e Distribuição",21.18,2025-10-24,14.82,21.97,146413000,23633700000,38586200000.0,2025-06-30,1115850000,8.11,147,446.0,17.0,52.0,312.0,-228.0,3.5,584.0,729.0,7.7,2.61,14.4,7.1,3.8,2.2,11.6,13.7,18.1,182.0,118.0,303.0,45608200000,,,16073700000,,,2914560000,,,1088360000,3985520000,16857100000,18938000000,14952500000,138143000000,5295010000,34055000000,959800000,UGPA3,28.4,UGPA,4.58
ON NM,VAMOS ON NM,Diversos,Aluguel de carros,3.34,2025-10-24,2.90,5.92,52713300,3610650000,16027100000.0,2025-06-30,1081030000,14.01,139,132.0,94.0,16.0,139.0,-26.0,8.2,445.0,588.0,19.5,0.24,2.41,73.7,71.1,6.7,12.1,15.4,9.9,180.0,633.0,17.0,22443400000,,,2604220000,,,257706000,,,92765000,4067930000,5867400000,16484400000,12416500000,3833630000,2725130000,1411670000,675129000,VAMO3,114.12,VAMO,13.51
ON,VIBRA ON,"Petróleo, Gás e Biocombustíveis","Exploração, Refino e Distribuição",24.1,2025-10-24,15.54,24.95,245812000,26967900000,48035900000.0,2025-06-30,1119000000,4.79,129,641.0,15.0,45.0,215.0,-185.0,4.5,963.0,1142.0,13.0,5.03,18.63,4.6,2.3,3.1,7.0,8.0,27.0,209.0,122.0,303.0,59651000000,,,20849000000,,,5627000000,,,301000000,4351000000,24050000000,25419000000,21068000000,180968000000,4205000000,45545000000,786000000,VBBR3,21.56,VBBR,4.58
ON NM,VIVARA S.A. ON NM,"Tecidos, Vestuário e Calçados",Acessórios,30.67,2025-10-24,16.10,30.67,74907100,7244190000,7534420000.0,2025-06-30,236198000,10.77,262,1026.0,261.0,169.0,353.0,614.0,2.2,878.0,1067.0,22.0,2.85,11.7,71.1,25.5,24.2,16.5,18.0,24.4,413.0,17.0,65.0,4286200000,,,2762510000,,,672750000,,,151089000,186085000,2704470000,476314000,290229000,2774300000,706291000,761021000,196156000,VIVA3,23.68,VIVA,10.77
ON,TELEF BRASIL ON,Telecomunicações,Telecomunicações,34.4,2025-10-24,22.34,34.66,123380000,110993000000,121855000000.0,2025-06-30,3226550000,19.03,163,1292.0,193.0,88.0,-23779.0,-347.0,5.0,520.0,1419.0,7.6,1.81,21.1,44.0,14.9,10.1,6.8,8.0,8.6,98.0,30.0,46.0,126476000000,,,68076700000,,,5833150000,,,1344450000,9454100000,26337400000,20315700000,10861600000,57655800000,8589350000,14645100000,2360750000,VIVT3,95.03,VIVT,16.78
ON NM,VALID ON NM,Serviços Diversos,Serviços Diversos,21.68,2025-10-24,19.50,28.02,5004290,1774200000,1835070000.0,2025-06-30,81836000,6.32,102,526.0,82.0,62.0,187.0,594.0,10.4,416.0,544.0,0.6,3.43,21.29,34.0,15.6,13.1,11.8,15.5,16.1,304.0,33.0,75.0,2863660000,,,1742330000,,,280878000,,,54054000,512519000,1412080000,573385000,60866000,2159640000,337142000,490099000,63624000,VLID3,65.74,VLID,35.03
ON NM,VITRUEDUCA ON NM,Diversos,Serviços Educacionais,10.98,2025-10-24,5.38,12.09,4175520,1473210000,3266490000.0,2025-06-30,134172000,3.72,054,190.0,67.0,25.0,249.0,-65.0,0.2,329.0,422.0,11.0,2.95,20.39,64.9,35.0,17.9,13.0,14.7,14.5,266.0,86.0,37.0,5946300000,,,2736280000,,,395764000,,,127296000,558642000,950109000,2351920000,1793280000,2212700000,774688000,606006000,257873000,VTRU3,0.74,VTRU,9.43
ON,VULCABRAS S/A. ON,"Tecidos, Vestuário e Calçados",Calçados,21.87,2025-10-24,13.32,21.87,22160000,6025970000,6168790000.0,2025-06-30,275536000,7.53,256,1070.0,183.0,180.0,409.0,466.0,11.9,905.0,1095.0,18.9,2.91,8.55,41.4,17.1,24.4,16.8,18.8,34.0,282.0,15.0,98.0,3348380000,,,2356050000,,,800743000,,,353285000,211761000,2284440000,354577000,142816000,3286310000,563390000,894811000,146874000,VULC3,89.43,VULC,13.73
ON N1,WEG SA ON N1,Máquinas e Equipamentos,"Motores, Compressores e Outros",41.37,2025-10-24,35.50,57.50,352884000,173643000000,170159000000.0,2025-09-30,4197320000,26.79,775,1941.0,420.0,418.0,1481.0,1996.0,2.0,1719.0,1902.0,16.2,1.54,5.34,33.4,21.6,16.5,21.6,28.5,28.9,178.0,17.0,100.0,41494500000,,,22408800000,,,6482750000,,,1650470000,7335310000,26776100000,3850850000,-3484460000,41379600000,8945350000,10271500000,2257560000,WEGE3,53.73,WEGE,16.46
ON,WIZ CO ON,Previdência e Seguros,Corretoras de Seguros,8.21,2025-10-24,4.96,8.73,3232340,1312840000,1410460000.0,2025-06-30,159907000,7.1,204,192.0,97.0,54.0,-3280.0,-211.0,3.0,177.0,206.0,12.0,1.16,4.02,61.8,50.5,24.9,28.0,34.9,28.8,93.0,63.0,55.0,2445100000,,,642431000,,,184791000,,,49397000,304768000,556281000,402390000,97622000,1355780000,684158000,358073000,185785000,WIZC3,21.23,WIZC,7.1
ON,YDUQS PART ON,Diversos,Serviços Educacionais,13.25,2025-10-24,7.61,17.60,46597800,3631680000,8123140000.0,2025-06-30,274089000,12.16,119,427.0,67.0,38.0,730.0,-85.0,4.3,488.0,956.0,7.2,1.09,11.1,61.0,15.6,5.5,8.9,10.0,9.8,128.0,174.0,57.0,9549660000,,,3041060000,,,298667000,,,3528000,792888000,2244910000,5284350000,4491460000,5437240000,849702000,1378250000,167061000,YDUQ3,52.27,YDUQ,9.43
